district,year,works_sanctioned,avg_release_pct
Hyderabad,2015,47,49.4
Hyderabad,2016,47,52.5
Hyderabad,2017,48,55.7
Hyderabad,2018,49,52.8
Hyderabad,2019,52,56.8
Hyderabad,2020,54,56.3
Hyderabad,2021,52,58.0
Hyderabad,2022,54,57.3
Hyderabad,2023,52,54.7
Hyderabad,2024,60,63.5
Hyderabad,2025,56,54.0
Rangareddy,2015,50,56.6
Rangareddy,2016,43,58.3
Rangareddy,2017,49,65.8
Rangareddy,2018,53,61.1
Rangareddy,2019,50,59.5
Rangareddy,2020,54,59.6
Rangareddy,2021,42,62.0
Rangareddy,2022,64,61.4
Rangareddy,2023,66,59.8
Rangareddy,2024,69,63.6
Rangareddy,2025,59,61.1
Medchal-Malkajgiri,2015,54,55.7
Medchal-Malkajgiri,2016,54,52.3
Medchal-Malkajgiri,2017,57,58.3
Medchal-Malkajgiri,2018,52,60.0
Medchal-Malkajgiri,2019,51,57.3
Medchal-Malkajgiri,2020,65,53.7
Medchal-Malkajgiri,2021,60,60.7
Medchal-Malkajgiri,2022,61,63.1
Medchal-Malkajgiri,2023,68,59.3
Medchal-Malkajgiri,2024,62,58.3
Medchal-Malkajgiri,2025,68,60.2
Sangareddy,2015,70,46.7
Sangareddy,2016,57,53.6
Sangareddy,2017,75,59.8
Sangareddy,2018,70,47.9
Sangareddy,2019,73,51.8
Sangareddy,2020,70,50.2
Sangareddy,2021,65,56.0
Sangareddy,2022,72,50.7
Sangareddy,2023,65,50.5
Sangareddy,2024,66,47.0
Sangareddy,2025,72,54.3
Mahbubnagar,2015,38,57.0
Mahbubnagar,2016,34,54.4
Mahbubnagar,2017,40,61.8
Mahbubnagar,2018,44,52.2
Mahbubnagar,2019,38,61.3
Mahbubnagar,2020,38,57.6
Mahbubnagar,2021,44,57.9
Mahbubnagar,2022,49,60.6
Mahbubnagar,2023,47,55.9
Mahbubnagar,2024,43,59.1
Mahbubnagar,2025,41,62.2
Jaunpur,2015,38,60.5
Jaunpur,2016,40,60.7
Jaunpur,2017,45,63.4
Jaunpur,2018,39,59.3
Jaunpur,2019,49,67.3
Jaunpur,2020,39,58.4
Jaunpur,2021,40,63.8
Jaunpur,2022,41,58.4
Jaunpur,2023,48,67.3
Jaunpur,2024,49,61.0
Jaunpur,2025,46,67.5
South 24 Parganas,2015,36,52.6
South 24 Parganas,2016,45,53.5
South 24 Parganas,2017,40,50.0
South 24 Parganas,2018,38,55.8
South 24 Parganas,2019,46,52.0
South 24 Parganas,2020,36,54.0
South 24 Parganas,2021,48,51.7
South 24 Parganas,2022,44,56.5
South 24 Parganas,2023,43,50.8
South 24 Parganas,2024,38,52.6
South 24 Parganas,2025,37,53.2
Pratapgarh,2015,51,48.8
Pratapgarh,2016,45,55.6
Pratapgarh,2017,48,52.1
Pratapgarh,2018,49,53.0
Pratapgarh,2019,48,55.4
Pratapgarh,2020,51,53.2
Pratapgarh,2021,43,56.4
Pratapgarh,2022,52,56.5
Pratapgarh,2023,53,60.7
Pratapgarh,2024,59,57.4
Pratapgarh,2025,61,61.0
Shrawasti,2015,59,57.3
Shrawasti,2016,62,56.4
Shrawasti,2017,65,63.9
Shrawasti,2018,65,59.7
Shrawasti,2019,76,59.0
Shrawasti,2020,71,62.0
Shrawasti,2021,69,61.6
Shrawasti,2022,71,56.2
Shrawasti,2023,68,63.6
Shrawasti,2024,76,62.6
Shrawasti,2025,76,61.6
Bijnor,2015,54,61.0
Bijnor,2016,65,66.3
Bijnor,2017,54,62.0
Bijnor,2018,54,64.3
Bijnor,2019,57,59.7
Bijnor,2020,60,59.2
Bijnor,2021,63,60.2
Bijnor,2022,60,67.4
Bijnor,2023,67,67.5
Bijnor,2024,60,59.9
Bijnor,2025,57,60.8
Puri,2015,61,62.7
Puri,2016,61,57.6
Puri,2017,56,68.7
Puri,2018,56,61.8
Puri,2019,56,57.5
Puri,2020,61,69.2
Puri,2021,59,60.2
Puri,2022,62,63.1
Puri,2023,66,66.8
Puri,2024,74,64.7
Puri,2025,75,67.9
Kaushambi,2015,44,58.6
Kaushambi,2016,33,60.3
Kaushambi,2017,45,56.9
Kaushambi,2018,41,58.8
Kaushambi,2019,45,60.9
Kaushambi,2020,49,66.1
Kaushambi,2021,40,53.0
Kaushambi,2022,45,60.4
Kaushambi,2023,40,59.7
Kaushambi,2024,41,58.2
Kaushambi,2025,54,59.8
Murshidabad,2015,45,51.8
Murshidabad,2016,47,57.2
Murshidabad,2017,45,58.5
Murshidabad,2018,46,65.0
Murshidabad,2019,59,53.7
Murshidabad,2020,49,60.4
Murshidabad,2021,55,54.6
Murshidabad,2022,49,55.5
Murshidabad,2023,50,58.2
Murshidabad,2024,65,60.9
Murshidabad,2025,52,61.9
Anand,2015,43,47.9
Anand,2016,44,53.2
Anand,2017,42,57.3
Anand,2018,48,62.6
Anand,2019,43,55.4
Anand,2020,42,53.3
Anand,2021,42,64.3
Anand,2022,48,52.0
Anand,2023,48,63.7
Anand,2024,49,58.9
Anand,2025,50,63.1
Bokaro,2015,45,49.1
Bokaro,2016,30,50.6
Bokaro,2017,45,49.8
Bokaro,2018,46,49.0
Bokaro,2019,39,47.6
Bokaro,2020,38,45.6
Bokaro,2021,39,49.0
Bokaro,2022,51,53.4
Bokaro,2023,42,52.9
Bokaro,2024,45,55.8
Bokaro,2025,48,51.7
Thiruvananthapuram,2015,39,45.9
Thiruvananthapuram,2016,39,52.7
Thiruvananthapuram,2017,44,48.1
Thiruvananthapuram,2018,42,50.0
Thiruvananthapuram,2019,44,50.3
Thiruvananthapuram,2020,53,52.2
Thiruvananthapuram,2021,50,50.0
Thiruvananthapuram,2022,51,52.0
Thiruvananthapuram,2023,45,50.6
Thiruvananthapuram,2024,48,51.5
Thiruvananthapuram,2025,55,53.4
Mahesana,2015,59,46.2
Mahesana,2016,67,50.5
Mahesana,2017,52,46.0
Mahesana,2018,51,48.2
Mahesana,2019,62,49.4
Mahesana,2020,53,54.5
Mahesana,2021,56,52.1
Mahesana,2022,54,57.2
Mahesana,2023,57,55.2
Mahesana,2024,65,51.2
Mahesana,2025,64,57.6
Kheri,2015,64,47.7
Kheri,2016,64,47.5
Kheri,2017,67,48.2
Kheri,2018,68,48.8
Kheri,2019,68,51.2
Kheri,2020,69,49.0
Kheri,2021,67,50.3
Kheri,2022,75,52.8
Kheri,2023,68,51.1
Kheri,2024,77,57.1
Kheri,2025,64,58.1
Varanasi,2015,45,57.2
Varanasi,2016,49,59.4
Varanasi,2017,39,59.5
Varanasi,2018,44,56.0
Varanasi,2019,46,61.5
Varanasi,2020,46,56.7
Varanasi,2021,48,61.0
Varanasi,2022,53,60.9
Varanasi,2023,55,61.2
Varanasi,2024,53,64.6
Varanasi,2025,55,70.0
Nayagada,2015,64,59.1
Nayagada,2016,70,60.1
Nayagada,2017,58,59.1
Nayagada,2018,56,59.4
Nayagada,2019,62,61.4
Nayagada,2020,66,65.2
Nayagada,2021,62,69.2
Nayagada,2022,69,63.8
Nayagada,2023,67,59.1
Nayagada,2024,72,67.8
Nayagada,2025,68,63.2
Kangra,2015,64,55.8
Kangra,2016,68,49.1
Kangra,2017,64,52.1
Kangra,2018,66,48.5
Kangra,2019,65,52.3
Kangra,2020,64,53.7
Kangra,2021,66,48.5
Kangra,2022,70,51.8
Kangra,2023,72,58.1
Kangra,2024,61,55.2
Kangra,2025,71,51.6
Navsari,2015,63,62.9
Navsari,2016,59,60.5
Navsari,2017,59,54.4
Navsari,2018,63,62.7
Navsari,2019,66,59.7
Navsari,2020,62,61.0
Navsari,2021,66,58.2
Navsari,2022,66,55.9
Navsari,2023,68,58.3
Navsari,2024,72,62.4
Navsari,2025,71,59.1
Kheda,2015,64,65.1
Kheda,2016,71,61.6
Kheda,2017,62,54.9
Kheda,2018,73,62.8
Kheda,2019,69,61.0
Kheda,2020,67,64.6
Kheda,2021,66,59.1
Kheda,2022,63,66.4
Kheda,2023,76,64.9
Kheda,2024,74,69.6
Kheda,2025,71,65.2
Ballia,2015,60,61.1
Ballia,2016,69,60.1
Ballia,2017,55,56.8
Ballia,2018,68,67.6
Ballia,2019,63,56.3
Ballia,2020,70,58.9
Ballia,2021,55,62.5
Ballia,2022,67,65.2
Ballia,2023,70,60.1
Ballia,2024,69,65.2
Ballia,2025,76,69.4
Gaya,2015,77,62.7
Gaya,2016,65,61.6
Gaya,2017,63,64.5
Gaya,2018,71,65.1
Gaya,2019,79,64.4
Gaya,2020,77,59.0
Gaya,2021,77,69.0
Gaya,2022,72,64.7
Gaya,2023,75,60.1
Gaya,2024,76,65.6
Gaya,2025,67,62.8
Uttar Dinajpur,2015,41,62.5
Uttar Dinajpur,2016,40,59.5
Uttar Dinajpur,2017,42,60.0
Uttar Dinajpur,2018,39,62.4
Uttar Dinajpur,2019,42,62.1
Uttar Dinajpur,2020,43,61.0
Uttar Dinajpur,2021,44,58.8
Uttar Dinajpur,2022,48,64.5
Uttar Dinajpur,2023,55,68.6
Uttar Dinajpur,2024,44,60.5
Uttar Dinajpur,2025,42,57.7
Bhadohi,2015,53,55.3
Bhadohi,2016,49,55.7
Bhadohi,2017,50,56.4
Bhadohi,2018,55,53.5
Bhadohi,2019,49,61.1
Bhadohi,2020,46,57.2
Bhadohi,2021,49,57.1
Bhadohi,2022,50,55.3
Bhadohi,2023,55,54.1
Bhadohi,2024,53,62.2
Bhadohi,2025,43,59.9
Panch Mahals,2015,55,63.2
Panch Mahals,2016,64,62.1
Panch Mahals,2017,54,66.1
Panch Mahals,2018,58,60.3
Panch Mahals,2019,56,63.6
Panch Mahals,2020,61,61.1
Panch Mahals,2021,61,62.3
Panch Mahals,2022,59,59.0
Panch Mahals,2023,61,67.2
Panch Mahals,2024,69,64.8
Panch Mahals,2025,71,62.7
Ludhiana,2015,59,53.3
Ludhiana,2016,52,50.1
Ludhiana,2017,57,51.2
Ludhiana,2018,65,45.2
Ludhiana,2019,60,50.4
Ludhiana,2020,62,47.4
Ludhiana,2021,67,49.8
Ludhiana,2022,62,54.4
Ludhiana,2023,72,53.0
Ludhiana,2024,59,53.2
Ludhiana,2025,67,53.5
Howrah,2015,41,66.0
Howrah,2016,52,60.7
Howrah,2017,45,58.4
Howrah,2018,50,60.5
Howrah,2019,54,63.9
Howrah,2020,45,69.7
Howrah,2021,57,60.5
Howrah,2022,51,62.6
Howrah,2023,55,60.7
Howrah,2024,59,63.8
Howrah,2025,53,68.6
Bulandshahr,2015,51,55.9
Bulandshahr,2016,44,53.7
Bulandshahr,2017,51,57.0
Bulandshahr,2018,47,60.5
Bulandshahr,2019,48,50.8
Bulandshahr,2020,57,67.9
Bulandshahr,2021,51,59.1
Bulandshahr,2022,46,56.4
Bulandshahr,2023,53,56.2
Bulandshahr,2024,50,60.0
Bulandshahr,2025,53,62.2
Nizamabad,2015,62,54.6
Nizamabad,2016,68,58.0
Nizamabad,2017,68,58.0
Nizamabad,2018,67,59.4
Nizamabad,2019,68,56.0
Nizamabad,2020,72,62.2
Nizamabad,2021,69,60.0
Nizamabad,2022,76,64.1
Nizamabad,2023,68,61.6
Nizamabad,2024,73,59.8
Nizamabad,2025,78,59.8
Jagitial,2015,46,63.5
Jagitial,2016,50,62.4
Jagitial,2017,48,64.3
Jagitial,2018,51,62.3
Jagitial,2019,60,60.2
Jagitial,2020,57,61.3
Jagitial,2021,46,62.8
Jagitial,2022,54,61.8
Jagitial,2023,60,66.4
Jagitial,2024,58,63.0
Jagitial,2025,61,64.7
Chittoor,2015,49,55.4
Chittoor,2016,43,56.3
Chittoor,2017,48,57.1
Chittoor,2018,41,57.4
Chittoor,2019,48,55.5
Chittoor,2020,49,53.1
Chittoor,2021,52,56.1
Chittoor,2022,46,58.2
Chittoor,2023,53,62.5
Chittoor,2024,58,56.3
Chittoor,2025,53,65.9
Surat,2015,59,53.1
Surat,2016,63,48.9
Surat,2017,70,55.2
Surat,2018,63,55.9
Surat,2019,75,57.5
Surat,2020,67,61.7
Surat,2021,68,54.2
Surat,2022,65,54.2
Surat,2023,77,54.1
Surat,2024,67,63.4
Surat,2025,77,59.4
Sant Kabir Nagar,2015,57,64.5
Sant Kabir Nagar,2016,51,60.4
Sant Kabir Nagar,2017,51,61.2
Sant Kabir Nagar,2018,57,64.7
Sant Kabir Nagar,2019,57,54.4
Sant Kabir Nagar,2020,54,60.9
Sant Kabir Nagar,2021,55,54.3
Sant Kabir Nagar,2022,50,67.5
Sant Kabir Nagar,2023,59,61.7
Sant Kabir Nagar,2024,53,67.3
Sant Kabir Nagar,2025,64,61.2
